{"flutter":{"platforms":{"android":{"default":{"projectId":"recipemedia-906d0","appId":"1:839698819972:android:1c0ba55dedde1f639c0bd1","fileOutput":"android/app/google-services.json"}},"dart":{"lib/firebase_options.dart":{"projectId":"recipemedia-906d0","configurations":{"android":"1:839698819972:android:1c0ba55dedde1f639c0bd1","ios":"1:839698819972:ios:40a6fc41faa1a9c89c0bd1","macos":"1:839698819972:ios:40a6fc41faa1a9c89c0bd1","web":"1:839698819972:web:7bfca7dcde98e3759c0bd1","windows":"1:839698819972:web:7bfca7dcde98e3759c0bd1"}}}}}}